{
  "_format": "hh-sol-cache-2",
  "files": {
    "C:\\DIMS-app\\decentralized-identity-management\\smart-contracts\\contracts\\IdentityManager.sol": {
      "lastModificationDate": 1744791156545,
      "contentHash": "a8d3c3fa4cf2f8704b3a5aa718b009d1",
      "sourceName": "contracts/IdentityManager.sol",
      "solcConfig": {
        "version": "0.8.29",
        "settings": {
          "evmVersion": "paris",
          "optimizer": {
            "enabled": false,
            "runs": 200
          },
          "outputSelection": {
            "*": {
              "*": [
                "abi",
                "evm.bytecode",
                "evm.deployedBytecode",
                "evm.methodIdentifiers",
                "metadata"
              ],
              "": [
                "ast"
              ]
            }
          }
        }
      },
      "imports": [],
      "versionPragmas": [
        "^0.8.20"
      ],
      "artifacts": [
        "IdentityManager"
      ]
    }
  }
}
